"主机名","目录名称样例","类别代码","风险类别","判定依据"
"wvvw.004vv.cn","书画收藏网","www-variant","疑似 www 变体站群","主机名含 www 形近变体标签「wvvw」，是仿冒站群的典型形态"
"wvvw.0wsw.com.cn","展会信息网","www-variant","疑似 www 变体站群","主机名含 www 形近变体标签「wvvw」，是仿冒站群的典型形态"
"wvvw.1nfo.cn","魅力北京","www-variant","疑似 www 变体站群","主机名含 www 形近变体标签「wvvw」，是仿冒站群的典型形态"
"wvvw.5caiw.com","天津之音","www-variant","疑似 www 变体站群","主机名含 www 形近变体标签「wvvw」，是仿冒站群的典型形态"
"wvvw.5cbn.cn","城市在线","www-variant","疑似 www 变体站群","主机名含 www 形近变体标签「wvvw」，是仿冒站群的典型形态"
"wvvw.930vv.cn","北京生活网","www-variant","疑似 www 变体站群","主机名含 www 形近变体标签「wvvw」，是仿冒站群的典型形态"
"wvvw.96vvs.cn","深圳网","www-variant","疑似 www 变体站群","主机名含 www 形近变体标签「wvvw」，是仿冒站群的典型形态"
"wvvw.9cjw.com","上海播报","www-variant","疑似 www 变体站群","主机名含 www 形近变体标签「wvvw」，是仿冒站群的典型形态"
"wvvw.aandpmedia.com","俄罗斯新闻","www-variant","疑似 www 变体站群","主机名含 www 形近变体标签「wvvw」，是仿冒站群的典型形态"
"wvvw.agenciacorvo.com","犹太人日报","www-variant","疑似 www 变体站群","主机名含 www 形近变体标签「wvvw」，是仿冒站群的典型形态"
"wvvw.ahwin.cn","安化之窗","www-variant","疑似 www 变体站群","主机名含 www 形近变体标签「wvvw」，是仿冒站群的典型形态"
"wvvw.ahxinwen.com","甘肃之窗","www-variant","疑似 www 变体站群","主机名含 www 形近变体标签「wvvw」，是仿冒站群的典型形态"
"wvvw.asreazadi.com","艺术设计日报","www-variant","疑似 www 变体站群","主机名含 www 形近变体标签「wvvw」，是仿冒站群的典型形态"
"wvvw.banchal.com.cn","中国品牌网","www-variant","疑似 www 变体站群","主机名含 www 形近变体标签「wvvw」，是仿冒站群的典型形态"
"wvvw.bandaokela.cn","山城新闻网","www-variant","疑似 www 变体站群","主机名含 www 形近变体标签「wvvw」，是仿冒站群的典型形态"
"wvvw.baovietcali.com","慈善行动播报","www-variant","疑似 www 变体站群","主机名含 www 形近变体标签「wvvw」，是仿冒站群的典型形态"
"wvvw.beilo.cn","四川企业网","www-variant","疑似 www 变体站群","主机名含 www 形近变体标签「wvvw」，是仿冒站群的典型形态"
"wvvw.bfdushi.com","北方频道","www-variant","疑似 www 变体站群","主机名含 www 形近变体标签「wvvw」，是仿冒站群的典型形态"
"wvvw.bing1angw.cn","安徽生活网","www-variant","疑似 www 变体站群","主机名含 www 形近变体标签「wvvw」，是仿冒站群的典型形态"
"wvvw.bjdaily.net","北京报讯","www-variant","疑似 www 变体站群","主机名含 www 形近变体标签「wvvw」，是仿冒站群的典型形态"
"wvvw.bjnewsw.com","北疆新闻网","www-variant","疑似 www 变体站群","主机名含 www 形近变体标签「wvvw」，是仿冒站群的典型形态"
"wvvw.bjrxw.net","宝鸡热线","www-variant","疑似 www 变体站群","主机名含 www 形近变体标签「wvvw」，是仿冒站群的典型形态"
"wvvw.bjwin.net","宝鸡之窗","www-variant","疑似 www 变体站群","主机名含 www 形近变体标签「wvvw」，是仿冒站群的典型形态"
"wvvw.bjxinxiw.com","保健健康","www-variant","疑似 www 变体站群","主机名含 www 形近变体标签「wvvw」，是仿冒站群的典型形态"
"wvvw.bluesdetour.com","全球儿童品牌网","www-variant","疑似 www 变体站群","主机名含 www 形近变体标签「wvvw」，是仿冒站群的典型形态"
"wvvw.bulve.cn","吉林企业网","www-variant","疑似 www 变体站群","主机名含 www 形近变体标签「wvvw」，是仿冒站群的典型形态"
"wvvw.bxdai1y.cn","旅游手机网","www-variant","疑似 www 变体站群","主机名含 www 形近变体标签「wvvw」，是仿冒站群的典型形态"
"wvvw.caihvaw.cn","广州网","www-variant","疑似 www 变体站群","主机名含 www 形近变体标签「wvvw」，是仿冒站群的典型形态"
"wvvw.caikvangw.cn","中国温居网","www-variant","疑似 www 变体站群","主机名含 www 形近变体标签「wvvw」，是仿冒站群的典型形态"
"wvvw.canglve.cn","广州企业网","www-variant","疑似 www 变体站群","主机名含 www 形近变体标签「wvvw」，是仿冒站群的典型形态"
"wvvw.caomelw.cn","重庆头条网","www-variant","疑似 www 变体站群","主机名含 www 形近变体标签「wvvw」，是仿冒站群的典型形态"
"wvvw.casalebonfala.com","信息在线报","www-variant","疑似 www 变体站群","主机名含 www 形近变体标签「wvvw」，是仿冒站群的典型形态"
"wvvw.cehvaw.com.cn","四川讯息网","www-variant","疑似 www 变体站群","主机名含 www 形近变体标签「wvvw」，是仿冒站群的典型形态"
"wvvw.cfxvn.cn","广西传媒网","www-variant","疑似 www 变体站群","主机名含 www 形近变体标签「wvvw」，是仿冒站群的典型形态"
"wvvw.concredom.com","全球商业报","www-variant","疑似 www 变体站群","主机名含 www 形近变体标签「wvvw」，是仿冒站群的典型形态"
"wvvw.cqdaily.net","城区日报","www-variant","疑似 www 变体站群","主机名含 www 形近变体标签「wvvw」，是仿冒站群的典型形态"
"wvvw.cqxinxi.net","崇庆信息网","www-variant","疑似 www 变体站群","主机名含 www 形近变体标签「wvvw」，是仿冒站群的典型形态"
"wvvw.dachuanw.com","长春都市","www-variant","疑似 www 变体站群","主机名含 www 形近变体标签「wvvw」，是仿冒站群的典型形态"
"wvvw.daheiw.com","大海网","www-variant","疑似 www 变体站群","主机名含 www 形近变体标签「wvvw」，是仿冒站群的典型形态"
"wvvw.dailyd.cn","淘漏收藏网","www-variant","疑似 www 变体站群","主机名含 www 形近变体标签「wvvw」，是仿冒站群的典型形态"
"wvvw.dajingw.net","中国美景网","www-variant","疑似 www 变体站群","主机名含 www 形近变体标签「wvvw」，是仿冒站群的典型形态"
"wvvw.dajinw.net","大晋网","www-variant","疑似 www 变体站群","主机名含 www 形近变体标签「wvvw」，是仿冒站群的典型形态"
"wvvw.dashanw.com","大山网","www-variant","疑似 www 变体站群","主机名含 www 形近变体标签「wvvw」，是仿冒站群的典型形态"
"wvvw.dashenw.net","深圳视窗","www-variant","疑似 www 变体站群","主机名含 www 形近变体标签「wvvw」，是仿冒站群的典型形态"
"wvvw.dayuew.com","大乐网","www-variant","疑似 www 变体站群","主机名含 www 形近变体标签「wvvw」，是仿冒站群的典型形态"
"wvvw.dazhew.net","长沙都市","www-variant","疑似 www 变体站群","主机名含 www 形近变体标签「wvvw」，是仿冒站群的典型形态"
"wvvw.donggvaw.cn","太原在线","www-variant","疑似 www 变体站群","主机名含 www 形近变体标签「wvvw」，是仿冒站群的典型形态"
"wvvw.esmural.com","英国汽车播报","www-variant","疑似 www 变体站群","主机名含 www 形近变体标签「wvvw」，是仿冒站群的典型形态"
"wvvw.everest-fi.com","经济与商业报","www-variant","疑似 www 变体站群","主机名含 www 形近变体标签「wvvw」，是仿冒站群的典型形态"
"wvvw.fanqievv.cn","江苏传媒网","www-variant","疑似 www 变体站群","主机名含 www 形近变体标签「wvvw」，是仿冒站群的典型形态"
"wvvw.fanshvw.cn","黑龙江资讯网","www-variant","疑似 www 变体站群","主机名含 www 形近变体标签「wvvw」，是仿冒站群的典型形态"
"wvvw.fashiono1.cn","杭州传媒网","www-variant","疑似 www 变体站群","主机名含 www 形近变体标签「wvvw」，是仿冒站群的典型形态"
"wvvw.federalflats.com","西班牙日报","www-variant","疑似 www 变体站群","主机名含 www 形近变体标签「wvvw」，是仿冒站群的典型形态"
"wvvw.financevv.cn","贵阳传媒网","www-variant","疑似 www 变体站群","主机名含 www 形近变体标签「wvvw」，是仿冒站群的典型形态"
"wvvw.fjvnet.cn","重庆视窗","www-variant","疑似 www 变体站群","主机名含 www 形近变体标签「wvvw」，是仿冒站群的典型形态"
"wvvw.fjwin.cn","风景之窗","www-variant","疑似 www 变体站群","主机名含 www 形近变体标签「wvvw」，是仿冒站群的典型形态"
"wvvw.fjxinxi.net","浙江企业新闻网","www-variant","疑似 www 变体站群","主机名含 www 形近变体标签「wvvw」，是仿冒站群的典型形态"
"wvvw.gamingklub.com","英国房产门户网","www-variant","疑似 www 变体站群","主机名含 www 形近变体标签「wvvw」，是仿冒站群的典型形态"
"wvvw.gddushi.com","江西热线","www-variant","疑似 www 变体站群","主机名含 www 形近变体标签「wvvw」，是仿冒站群的典型形态"
"wvvw.gdrxw.net","供电热线网","www-variant","疑似 www 变体站群","主机名含 www 形近变体标签「wvvw」，是仿冒站群的典型形态"
"wvvw.gdscw.net","高端视窗","www-variant","疑似 www 变体站群","主机名含 www 形近变体标签「wvvw」，是仿冒站群的典型形态"
"wvvw.gdxinwen.net","各地新闻网","www-variant","疑似 www 变体站群","主机名含 www 形近变体标签「wvvw」，是仿冒站群的典型形态"
"wvvw.gdxinxiw.com","股东信息网","www-variant","疑似 www 变体站群","主机名含 www 形近变体标签「wvvw」，是仿冒站群的典型形态"
"wvvw.gfdushi.net","股份在线","www-variant","疑似 www 变体站群","主机名含 www 形近变体标签「wvvw」，是仿冒站群的典型形态"
"wvvw.gongkuai.net.cn","顺义资讯网","www-variant","疑似 www 变体站群","主机名含 www 形近变体标签「wvvw」，是仿冒站群的典型形态"
"wvvw.gsdushi.com","江西信息港","www-variant","疑似 www 变体站群","主机名含 www 形近变体标签「wvvw」，是仿冒站群的典型形态"
"wvvw.gsscw.net","贡山视窗网","www-variant","疑似 www 变体站群","主机名含 www 形近变体标签「wvvw」，是仿冒站群的典型形态"
"wvvw.gsxinwen.com","股市新闻网","www-variant","疑似 www 变体站群","主机名含 www 形近变体标签「wvvw」，是仿冒站群的典型形态"
"wvvw.gsxinxi.cn","公司信息网","www-variant","疑似 www 变体站群","主机名含 www 形近变体标签「wvvw」，是仿冒站群的典型形态"
"wvvw.guizhouw.com","贵州频道","www-variant","疑似 www 变体站群","主机名含 www 形近变体标签「wvvw」，是仿冒站群的典型形态"
"wvvw.guopinvv.cn","成都资讯网","www-variant","疑似 www 变体站群","主机名含 www 形近变体标签「wvvw」，是仿冒站群的典型形态"
"wvvw.gxnewsw.com","赣县新闻网","www-variant","疑似 www 变体站群","主机名含 www 形近变体标签「wvvw」，是仿冒站群的典型形态"
"wvvw.gxscw.com","高校视窗网","www-variant","疑似 www 变体站群","主机名含 www 形近变体标签「wvvw」，是仿冒站群的典型形态"
"wvvw.gxvnet.com","歌星在线","www-variant","疑似 www 变体站群","主机名含 www 形近变体标签「wvvw」，是仿冒站群的典型形态"
"wvvw.gzdaily.net","贵州视窗","www-variant","疑似 www 变体站群","主机名含 www 形近变体标签「wvvw」，是仿冒站群的典型形态"
"wvvw.gzolw.com","贵州在线","www-variant","疑似 www 变体站群","主机名含 www 形近变体标签「wvvw」，是仿冒站群的典型形态"
"wvvw.gzvnet.cn","赣州网","www-variant","疑似 www 变体站群","主机名含 www 形近变体标签「wvvw」，是仿冒站群的典型形态"
"wvvw.gzxinxiw.com","贵州信息网","www-variant","疑似 www 变体站群","主机名含 www 形近变体标签「wvvw」，是仿冒站群的典型形态"
"wvvw.haichanvv.cn","青海传媒网","www-variant","疑似 www 变体站群","主机名含 www 形近变体标签「wvvw」，是仿冒站群的典型形态"
"wvvw.hbdushi.net","华北热线","www-variant","疑似 www 变体站群","主机名含 www 形近变体标签「wvvw」，是仿冒站群的典型形态"
"wvvw.hbscw.net","淮北热线","www-variant","疑似 www 变体站群","主机名含 www 形近变体标签「wvvw」，是仿冒站群的典型形态"
"wvvw.hbvnet.net","河蚌热线","www-variant","疑似 www 变体站群","主机名含 www 形近变体标签「wvvw」，是仿冒站群的典型形态"
"wvvw.hbwin.cn","河北之窗","www-variant","疑似 www 变体站群","主机名含 www 形近变体标签「wvvw」，是仿冒站群的典型形态"
"wvvw.hbwin.net","淮滨之窗","www-variant","疑似 www 变体站群","主机名含 www 形近变体标签「wvvw」，是仿冒站群的典型形态"
"wvvw.hbxinxi.net","海报信息网","www-variant","疑似 www 变体站群","主机名含 www 形近变体标签「wvvw」，是仿冒站群的典型形态"
"wvvw.hddaily.net","山东都市","www-variant","疑似 www 变体站群","主机名含 www 形近变体标签「wvvw」，是仿冒站群的典型形态"
"wvvw.hebeidushi.com","鹤壁热线 / 鹤壁热线","www-variant","疑似 www 变体站群","主机名含 www 形近变体标签「wvvw」，是仿冒站群的典型形态"
"wvvw.hljdushi.com","魅力河南","www-variant","疑似 www 变体站群","主机名含 www 形近变体标签「wvvw」，是仿冒站群的典型形态"
"wvvw.hljnewsw.com","海岭热线","www-variant","疑似 www 变体站群","主机名含 www 形近变体标签「wvvw」，是仿冒站群的典型形态"
"wvvw.hljscw.net","海林在线","www-variant","疑似 www 变体站群","主机名含 www 形近变体标签「wvvw」，是仿冒站群的典型形态"
"wvvw.hljxx.net","华里信息网","www-variant","疑似 www 变体站群","主机名含 www 形近变体标签「wvvw」，是仿冒站群的典型形态"
"wvvw.hljzc.net","环境之窗","www-variant","疑似 www 变体站群","主机名含 www 形近变体标签「wvvw」，是仿冒站群的典型形态"
"wvvw.hn126.net","魅力湖南","www-variant","疑似 www 变体站群","主机名含 www 形近变体标签「wvvw」，是仿冒站群的典型形态"
"wvvw.hn163.net","湖南视窗","www-variant","疑似 www 变体站群","主机名含 www 形近变体标签「wvvw」，是仿冒站群的典型形态"
"wvvw.hndaily.net","河南在线","www-variant","疑似 www 变体站群","主机名含 www 形近变体标签「wvvw」，是仿冒站群的典型形态"
"wvvw.hnnewsw.com","湖南新闻网","www-variant","疑似 www 变体站群","主机名含 www 形近变体标签「wvvw」，是仿冒站群的典型形态"
"wvvw.hnxinxi.net","河南信息网","www-variant","疑似 www 变体站群","主机名含 www 形近变体标签「wvvw」，是仿冒站群的典型形态"
"wvvw.huabeiw.com","中国华北网","www-variant","疑似 www 变体站群","主机名含 www 形近变体标签「wvvw」，是仿冒站群的典型形态"
"wvvw.huluobovv.cn","广东资讯网","www-variant","疑似 www 变体站群","主机名含 www 形近变体标签「wvvw」，是仿冒站群的典型形态"
"wvvw.huluobow.com.cn","宁波网","www-variant","疑似 www 变体站群","主机名含 www 形近变体标签「wvvw」，是仿冒站群的典型形态"
"wvvw.hzrxw.com","华中热线","www-variant","疑似 www 变体站群","主机名含 www 形近变体标签「wvvw」，是仿冒站群的典型形态"
"wvvw.iltuoufficio.com","法国时尚报","www-variant","疑似 www 变体站群","主机名含 www 形近变体标签「wvvw」，是仿冒站群的典型形态"
"wvvw.imprentta.com","女性时代杂志","www-variant","疑似 www 变体站群","主机名含 www 形近变体标签「wvvw」，是仿冒站群的典型形态"
"wvvw.infobj.com","信息北京","www-variant","疑似 www 变体站群","主机名含 www 形近变体标签「wvvw」，是仿冒站群的典型形态"
"wvvw.infogz.com","贵州信息港","www-variant","疑似 www 变体站群","主机名含 www 形近变体标签「wvvw」，是仿冒站群的典型形态"
"wvvw.ingencenter.com","世界足球报","www-variant","疑似 www 变体站群","主机名含 www 形近变体标签「wvvw」，是仿冒站群的典型形态"
"wvvw.investmarque.com","加拿大时代变电站","www-variant","疑似 www 变体站群","主机名含 www 形近变体标签「wvvw」，是仿冒站群的典型形态"
"wvvw.iyaogvo.cn","怀柔资讯网","www-variant","疑似 www 变体站群","主机名含 www 形近变体标签「wvvw」，是仿冒站群的典型形态"
"wvvw.iyouta0.cn","江津资讯网","www-variant","疑似 www 变体站群","主机名含 www 形近变体标签「wvvw」，是仿冒站群的典型形态"
"wvvw.izhusvn.cn","商务财经网","www-variant","疑似 www 变体站群","主机名含 www 形近变体标签「wvvw」，是仿冒站群的典型形态"
"wvvw.jfkvip.cn","行医问药网","www-variant","疑似 www 变体站群","主机名含 www 形近变体标签「wvvw」，是仿冒站群的典型形态"
"wvvw.jiucalw.cn","今日青海","www-variant","疑似 www 变体站群","主机名含 www 形近变体标签「wvvw」，是仿冒站群的典型形态"
"wvvw.jiunin.cn","河南企业网","www-variant","疑似 www 变体站群","主机名含 www 形近变体标签「wvvw」，是仿冒站群的典型形态"
"wvvw.jkmv.cn","吉林头条网","www-variant","疑似 www 变体站群","主机名含 www 形近变体标签「wvvw」，是仿冒站群的典型形态"
"wvvw.jl126.com","金陵热线","www-variant","疑似 www 变体站群","主机名含 www 形近变体标签「wvvw」，是仿冒站群的典型形态"
"wvvw.jldushi.com","魅力海南","www-variant","疑似 www 变体站群","主机名含 www 形近变体标签「wvvw」，是仿冒站群的典型形态"
"wvvw.jlrxw.cn","魅力内蒙古","www-variant","疑似 www 变体站群","主机名含 www 形近变体标签「wvvw」，是仿冒站群的典型形态"
"wvvw.jlscw.net","金陵视窗","www-variant","疑似 www 变体站群","主机名含 www 形近变体标签「wvvw」，是仿冒站群的典型形态"
"wvvw.jlxinwen.com","江陵新闻","www-variant","疑似 www 变体站群","主机名含 www 形近变体标签「wvvw」，是仿冒站群的典型形态"
"wvvw.jscity.cn","江苏城市","www-variant","疑似 www 变体站群","主机名含 www 形近变体标签「wvvw」，是仿冒站群的典型形态"
"wvvw.jsdushiw.com","金山都市 / 金山都市","www-variant","疑似 www 变体站群","主机名含 www 形近变体标签「wvvw」，是仿冒站群的典型形态"
"wvvw.jsnewsw.com","吉首新闻网","www-variant","疑似 www 变体站群","主机名含 www 形近变体标签「wvvw」，是仿冒站群的典型形态"
"wvvw.jswin.cn","建设之窗","www-variant","疑似 www 变体站群","主机名含 www 形近变体标签「wvvw」，是仿冒站群的典型形态"
"wvvw.jswin.net","嘉山之窗","www-variant","疑似 www 变体站群","主机名含 www 形近变体标签「wvvw」，是仿冒站群的典型形态"
"wvvw.jsxinxi.net","京山信息网","www-variant","疑似 www 变体站群","主机名含 www 形近变体标签「wvvw」，是仿冒站群的典型形态"
"wvvw.jxscw.net","嘉兴视窗","www-variant","疑似 www 变体站群","主机名含 www 形近变体标签「wvvw」，是仿冒站群的典型形态"
"wvvw.jxxinwen.net","蓟县新闻网","www-variant","疑似 www 变体站群","主机名含 www 形近变体标签「wvvw」，是仿冒站群的典型形态"
"wvvw.jxxinxi.cn","冀县信息网","www-variant","疑似 www 变体站群","主机名含 www 形近变体标签「wvvw」，是仿冒站群的典型形态"
"wvvw.kejio1.cn","北京资讯网","www-variant","疑似 www 变体站群","主机名含 www 形近变体标签「wvvw」，是仿冒站群的典型形态"
"wvvw.kuanne.cn","湖北企业网","www-variant","疑似 www 变体站群","主机名含 www 形近变体标签「wvvw」，是仿冒站群的典型形态"
"wvvw.kunchongvv.cn","东城生活网","www-variant","疑似 www 变体站群","主机名含 www 形近变体标签「wvvw」，是仿冒站群的典型形态"
"wvvw.laicaiw.com","广西热线","www-variant","疑似 www 变体站群","主机名含 www 形近变体标签「wvvw」，是仿冒站群的典型形态"
"wvvw.liabai.cn","河北企业网","www-variant","疑似 www 变体站群","主机名含 www 形近变体标签「wvvw」，是仿冒站群的典型形态"
"wvvw.lianmengvv.cn","重庆移动网","www-variant","疑似 www 变体站群","主机名含 www 形近变体标签「wvvw」，是仿冒站群的典型形态"
"wvvw.liaoningw.com","辽南网","www-variant","疑似 www 变体站群","主机名含 www 形近变体标签「wvvw」，是仿冒站群的典型形态"
"wvvw.linyevv.cn","上海头条网","www-variant","疑似 www 变体站群","主机名含 www 形近变体标签「wvvw」，是仿冒站群的典型形态"
"wvvw.littlesirs.com","瑞士金融时报","www-variant","疑似 www 变体站群","主机名含 www 形近变体标签「wvvw」，是仿冒站群的典型形态"
"wvvw.liulianvv.cn","云南生活网","www-variant","疑似 www 变体站群","主机名含 www 形近变体标签「wvvw」，是仿冒站群的典型形态"
"wvvw.ln163.cn","滦南信息港","www-variant","疑似 www 变体站群","主机名含 www 形近变体标签「wvvw」，是仿冒站群的典型形态"
"wvvw.lndushi.com","广西信息港","www-variant","疑似 www 变体站群","主机名含 www 形近变体标签「wvvw」，是仿冒站群的典型形态"
"wvvw.lnrxw.cn","广西之声","www-variant","疑似 www 变体站群","主机名含 www 形近变体标签「wvvw」，是仿冒站群的典型形态"
"wvvw.lnscw.cn","岭南视窗","www-variant","疑似 www 变体站群","主机名含 www 形近变体标签「wvvw」，是仿冒站群的典型形态"
"wvvw.lnxww.net","龙南热线","www-variant","疑似 www 变体站群","主机名含 www 形近变体标签「wvvw」，是仿冒站群的典型形态"
"wvvw.luob0w.cn","津城在线","www-variant","疑似 www 变体站群","主机名含 www 形近变体标签「wvvw」，是仿冒站群的典型形态"
"wvvw.maliglobe.com","能源生活报","www-variant","疑似 www 变体站群","主机名含 www 形近变体标签「wvvw」，是仿冒站群的典型形态"
"wvvw.maqvew.cn","山东网","www-variant","疑似 www 变体站群","主机名含 www 形近变体标签「wvvw」，是仿冒站群的典型形态"
"wvvw.meitlw.com.cn","渝城在线","www-variant","疑似 www 变体站群","主机名含 www 形近变体标签「wvvw」，是仿冒站群的典型形态"
"wvvw.mg80w.cn","六安城市网","www-variant","疑似 www 变体站群","主机名含 www 形近变体标签「wvvw」，是仿冒站群的典型形态"
"wvvw.mingxingvv.cn","重庆生活网","www-variant","疑似 www 变体站群","主机名含 www 形近变体标签「wvvw」，是仿冒站群的典型形态"
"wvvw.newsputnik.com","洛杉矶时报网 / 纽约每日网","www-variant","疑似 www 变体站群","主机名含 www 形近变体标签「wvvw」，是仿冒站群的典型形态"
"wvvw.nfinfo.cn","魅力广西","www-variant","疑似 www 变体站群","主机名含 www 形近变体标签「wvvw」，是仿冒站群的典型形态"
"wvvw.nintlan.cn","粤城在线","www-variant","疑似 www 变体站群","主机名含 www 形近变体标签「wvvw」，是仿冒站群的典型形态"
"wvvw.ninxlan.cn","南京生活网","www-variant","疑似 www 变体站群","主机名含 www 形近变体标签「wvvw」，是仿冒站群的典型形态"
"wvvw.ninzuo.cn","天津企业网","www-variant","疑似 www 变体站群","主机名含 www 形近变体标签「wvvw」，是仿冒站群的典型形态"
"wvvw.njvnet.com","魅力江南","www-variant","疑似 www 变体站群","主机名含 www 形近变体标签「wvvw」，是仿冒站群的典型形态"
"wvvw.nmgol.net","农民在线","www-variant","疑似 www 变体站群","主机名含 www 形近变体标签「wvvw」，是仿冒站群的典型形态"
"wvvw.nmgrxw.com","内蒙古之窗","www-variant","疑似 www 变体站群","主机名含 www 形近变体标签「wvvw」，是仿冒站群的典型形态"
"wvvw.nmgxinwen.net","南门新闻网","www-variant","疑似 www 变体站群","主机名含 www 形近变体标签「wvvw」，是仿冒站群的典型形态"
"wvvw.nmgxx.net","农贸信息网","www-variant","疑似 www 变体站群","主机名含 www 形近变体标签「wvvw」，是仿冒站群的典型形态"
"wvvw.noblemadmax.com","荷兰之声","www-variant","疑似 www 变体站群","主机名含 www 形近变体标签「wvvw」，是仿冒站群的典型形态"
"wvvw.nvdai1y.cn","内蒙古传媒网","www-variant","疑似 www 变体站群","主机名含 www 形近变体标签「wvvw」，是仿冒站群的典型形态"
"wvvw.nvnevvs.com.cn","贵城在线","www-variant","疑似 www 变体站群","主机名含 www 形近变体标签「wvvw」，是仿冒站群的典型形态"
"wvvw.nyc-transit.com","数字商行报","www-variant","疑似 www 变体站群","主机名含 www 形近变体标签「wvvw」，是仿冒站群的典型形态"
"wvvw.o90z.cn","安徽资讯网","www-variant","疑似 www 变体站群","主机名含 www 形近变体标签「wvvw」，是仿冒站群的典型形态"
"wvvw.ofinance.cn","四川都市","www-variant","疑似 www 变体站群","主机名含 www 形近变体标签「wvvw」，是仿冒站群的典型形态"
"wvvw.onlinesh.net","生活在线","www-variant","疑似 www 变体站群","主机名含 www 形近变体标签「wvvw」，是仿冒站群的典型形态"
"wvvw.portaldealana.com","美国财富日报","www-variant","疑似 www 变体站群","主机名含 www 形近变体标签「wvvw」，是仿冒站群的典型形态"
"wvvw.qcle.cn","南京移动网","www-variant","疑似 www 变体站群","主机名含 www 形近变体标签「wvvw」，是仿冒站群的典型形态"
"wvvw.qclu.cn","今日贵州","www-variant","疑似 www 变体站群","主机名含 www 形近变体标签「wvvw」，是仿冒站群的典型形态"
"wvvw.qhdushi.com","魅力山西","www-variant","疑似 www 变体站群","主机名含 www 形近变体标签「wvvw」，是仿冒站群的典型形态"
"wvvw.qhscw.net","琼海视窗","www-variant","疑似 www 变体站群","主机名含 www 形近变体标签「wvvw」，是仿冒站群的典型形态"
"wvvw.qhxinwen.com","期货新闻网","www-variant","疑似 www 变体站群","主机名含 www 形近变体标签「wvvw」，是仿冒站群的典型形态"
"wvvw.qhxinxi.cn","邛海信息 / 邛海信息","www-variant","疑似 www 变体站群","主机名含 www 形近变体标签「wvvw」，是仿冒站群的典型形态"
"wvvw.qing1ia.cn","重庆资讯","www-variant","疑似 www 变体站群","主机名含 www 形近变体标签「wvvw」，是仿冒站群的典型形态"
"wvvw.qingjia0w.cn","广东讯息网","www-variant","疑似 www 变体站群","主机名含 www 形近变体标签「wvvw」，是仿冒站群的典型形态"
"wvvw.quqc.cn","重庆手机网","www-variant","疑似 www 变体站群","主机名含 www 形近变体标签「wvvw」，是仿冒站群的典型形态"
"wvvw.redaiyvw.cn","今日辽宁","www-variant","疑似 www 变体站群","主机名含 www 形近变体标签「wvvw」，是仿冒站群的典型形态"
"wvvw.rslbp.cn","商讯中国","www-variant","疑似 www 变体站群","主机名含 www 形近变体标签「wvvw」，是仿冒站群的典型形态"
"wvvw.sc126.net","山川信息港","www-variant","疑似 www 变体站群","主机名含 www 形近变体标签「wvvw」，是仿冒站群的典型形态"
"wvvw.scrxw.cn","市场热线","www-variant","疑似 www 变体站群","主机名含 www 形近变体标签「wvvw」，是仿冒站群的典型形态"
"wvvw.scwin.cn","市场视窗","www-variant","疑似 www 变体站群","主机名含 www 形近变体标签「wvvw」，是仿冒站群的典型形态"
"wvvw.scxinxi.com","遂昌信息网","www-variant","疑似 www 变体站群","主机名含 www 形近变体标签「wvvw」，是仿冒站群的典型形态"
"wvvw.sd126.cn","首都信息港","www-variant","疑似 www 变体站群","主机名含 www 形近变体标签「wvvw」，是仿冒站群的典型形态"
"wvvw.sdnewsw.com","首都新闻网","www-variant","疑似 www 变体站群","主机名含 www 形近变体标签「wvvw」，是仿冒站群的典型形态"
"wvvw.sdolw.com","首都在线","www-variant","疑似 www 变体站群","主机名含 www 形近变体标签「wvvw」，是仿冒站群的典型形态"
"wvvw.sdwin.cn","世代之窗","www-variant","疑似 www 变体站群","主机名含 www 形近变体标签「wvvw」，是仿冒站群的典型形态"
"wvvw.shaichuan.cn","江苏企业网","www-variant","疑似 www 变体站群","主机名含 www 形近变体标签「wvvw」，是仿冒站群的典型形态"
"wvvw.shaihang.cn","上海企业网","www-variant","疑似 www 变体站群","主机名含 www 形近变体标签「wvvw」，是仿冒站群的典型形态"
"wvvw.shdushi.net","广州之声","www-variant","疑似 www 变体站群","主机名含 www 形近变体标签「wvvw」，是仿冒站群的典型形态"
"wvvw.shnewsw.com","社会资讯网","www-variant","疑似 www 变体站群","主机名含 www 形近变体标签「wvvw」，是仿冒站群的典型形态"
"wvvw.shscw.net","泗洪视窗","www-variant","疑似 www 变体站群","主机名含 www 形近变体标签「wvvw」，是仿冒站群的典型形态"
"wvvw.shvnet.net","上海信息港","www-variant","疑似 www 变体站群","主机名含 www 形近变体标签「wvvw」，是仿冒站群的典型形态"
"wvvw.shxinxiw.com","商会信息网","www-variant","疑似 www 变体站群","主机名含 www 形近变体标签「wvvw」，是仿冒站群的典型形态"
"wvvw.skyworthmobile.cn","汽车行业网","www-variant","疑似 www 变体站群","主机名含 www 形近变体标签「wvvw」，是仿冒站群的典型形态"
"wvvw.staceykafka.com","商业杂志报","www-variant","疑似 www 变体站群","主机名含 www 形近变体标签「wvvw」，是仿冒站群的典型形态"
"wvvw.sudetenbote.com","华沙之声","www-variant","疑似 www 变体站群","主机名含 www 形近变体标签「wvvw」，是仿冒站群的典型形态"
"wvvw.sunews.cn","魅力广州","www-variant","疑似 www 变体站群","主机名含 www 形近变体标签「wvvw」，是仿冒站群的典型形态"
"wvvw.sx126.net","绍兴信息港","www-variant","疑似 www 变体站群","主机名含 www 形近变体标签「wvvw」，是仿冒站群的典型形态"
"wvvw.sxrxw.net","陕西热线","www-variant","疑似 www 变体站群","主机名含 www 形近变体标签「wvvw」，是仿冒站群的典型形态"
"wvvw.sxvnet.net","绍兴在线","www-variant","疑似 www 变体站群","主机名含 www 形近变体标签「wvvw」，是仿冒站群的典型形态"
"wvvw.sxxinxi.cn","寿县信息网","www-variant","疑似 www 变体站群","主机名含 www 形近变体标签「wvvw」，是仿冒站群的典型形态"
"wvvw.sxxinxiw.net","沙县信息网","www-variant","疑似 www 变体站群","主机名含 www 形近变体标签「wvvw」，是仿冒站群的典型形态"
"wvvw.szrxw.net","苏州之声","www-variant","疑似 www 变体站群","主机名含 www 形近变体标签「wvvw」，是仿冒站群的典型形态"
"wvvw.szvnet.com","神州在线","www-variant","疑似 www 变体站群","主机名含 www 形近变体标签「wvvw」，是仿冒站群的典型形态"
"wvvw.szvnet.net","深圳信息港","www-variant","疑似 www 变体站群","主机名含 www 形近变体标签「wvvw」，是仿冒站群的典型形态"
"wvvw.teixun.com","魅力云南","www-variant","疑似 www 变体站群","主机名含 www 形近变体标签「wvvw」，是仿冒站群的典型形态"
"wvvw.tjdaily.cn","桃江在线","www-variant","疑似 www 变体站群","主机名含 www 形近变体标签「wvvw」，是仿冒站群的典型形态"
"wvvw.tjnewsw.com","太极新闻网","www-variant","疑似 www 变体站群","主机名含 www 形近变体标签「wvvw」，是仿冒站群的典型形态"
"wvvw.tjscw.cn","台江视窗","www-variant","疑似 www 变体站群","主机名含 www 形近变体标签「wvvw」，是仿冒站群的典型形态"
"wvvw.tyroneyates.com","澳大利亚悉尼报","www-variant","疑似 www 变体站群","主机名含 www 形近变体标签「wvvw」，是仿冒站群的典型形态"
"wvvw.usfishlaw.com","日内瓦论坛报","www-variant","疑似 www 变体站群","主机名含 www 形近变体标签「wvvw」，是仿冒站群的典型形态"
"wvvw.vaasglobal.com","东洋时报","www-variant","疑似 www 变体站群","主机名含 www 形近变体标签「wvvw」，是仿冒站群的典型形态"
"wvvw.valliayoung.com","欧洲时报","www-variant","疑似 www 变体站群","主机名含 www 形近变体标签「wvvw」，是仿冒站群的典型形态"
"wvvw.voo3.cn","川城在线","www-variant","疑似 www 变体站群","主机名含 www 形近变体标签「wvvw」，是仿冒站群的典型形态"
"wvvw.wand0uw.cn","安徽头条网","www-variant","疑似 www 变体站群","主机名含 www 形近变体标签「wvvw」，是仿冒站群的典型形态"
"wvvw.whvnet.com","芜湖在线","www-variant","疑似 www 变体站群","主机名含 www 形近变体标签「wvvw」，是仿冒站群的典型形态"
"wvvw.wuhuagvow.cn","娱乐头条","www-variant","疑似 www 变体站群","主机名含 www 形近变体标签「wvvw」，是仿冒站群的典型形态"
"wvvw.xbdaily.net","魅力吉林","www-variant","疑似 www 变体站群","主机名含 www 形近变体标签「wvvw」，是仿冒站群的典型形态"
"wvvw.xiangchvnw.cn","首都城市网","www-variant","疑似 www 变体站群","主机名含 www 形近变体标签「wvvw」，是仿冒站群的典型形态"
"wvvw.xingyivv.cn","中国消费在线","www-variant","疑似 www 变体站群","主机名含 www 形近变体标签「wvvw」，是仿冒站群的典型形态"
"wvvw.xndaily.com","西宁新报","www-variant","疑似 www 变体站群","主机名含 www 形近变体标签「wvvw」，是仿冒站群的典型形态"
"wvvw.xnnews.net","吉林之窗","www-variant","疑似 www 变体站群","主机名含 www 形近变体标签「wvvw」，是仿冒站群的典型形态"
"wvvw.yanyvanw.cn","海淀生活网","www-variant","疑似 www 变体站群","主机名含 www 形近变体标签「wvvw」，是仿冒站群的典型形态"
"wvvw.yicaiw.cn","魅力甘肃","www-variant","疑似 www 变体站群","主机名含 www 形近变体标签「wvvw」，是仿冒站群的典型形态"
"wvvw.yndushi.com","青海信息港","www-variant","疑似 www 变体站群","主机名含 www 形近变体标签「wvvw」，是仿冒站群的典型形态"
"wvvw.ynnewsw.com","邕宁新闻网","www-variant","疑似 www 变体站群","主机名含 www 形近变体标签「wvvw」，是仿冒站群的典型形态"
"wvvw.ynwin.net","沂南之窗","www-variant","疑似 www 变体站群","主机名含 www 形近变体标签「wvvw」，是仿冒站群的典型形态"
"wvvw.ynxinxi.cn","郁南信息网","www-variant","疑似 www 变体站群","主机名含 www 形近变体标签「wvvw」，是仿冒站群的典型形态"
"wvvw.yoriyoritv.com","世界末日日报","www-variant","疑似 www 变体站群","主机名含 www 形近变体标签「wvvw」，是仿冒站群的典型形态"
"wvvw.zarqawi.com","纽约日报","www-variant","疑似 www 变体站群","主机名含 www 形近变体标签「wvvw」，是仿冒站群的典型形态"
"wvvw.zenhu.cn","重庆企业网","www-variant","疑似 www 变体站群","主机名含 www 形近变体标签「wvvw」，是仿冒站群的典型形态"
"wvvw.zenyao.cn","安徽企业网","www-variant","疑似 www 变体站群","主机名含 www 形近变体标签「wvvw」，是仿冒站群的典型形态"
"wvvw.zgdaily.com","中国讯闻网","www-variant","疑似 www 变体站群","主机名含 www 形近变体标签「wvvw」，是仿冒站群的典型形态"
"wvvw.zgnews.com.cn","名人资讯网","www-variant","疑似 www 变体站群","主机名含 www 形近变体标签「wvvw」，是仿冒站群的典型形态"
"wvvw.zhiza0w.cn","旅游热线","www-variant","疑似 www 变体站群","主机名含 www 形近变体标签「wvvw」，是仿冒站群的典型形态"
"wvvw.zhvarang.cn","北京网","www-variant","疑似 www 变体站群","主机名含 www 形近变体标签「wvvw」，是仿冒站群的典型形态"
"wvvw.zj126.com","唐山在线","www-variant","疑似 www 变体站群","主机名含 www 形近变体标签「wvvw」，是仿冒站群的典型形态"
"wvvw.zjnewsw.com","镇江新闻网","www-variant","疑似 www 变体站群","主机名含 www 形近变体标签「wvvw」，是仿冒站群的典型形态"
"wvvw.zjrxw.net","石家庄热线 / 石家庄热线","www-variant","疑似 www 变体站群","主机名含 www 形近变体标签「wvvw」，是仿冒站群的典型形态"
"wvvw.zjwin.net","镇江之窗","www-variant","疑似 www 变体站群","主机名含 www 形近变体标签「wvvw」，是仿冒站群的典型形态"
"wvvw.zjxinxi.net","镇江信息网 / 镇江信息网","www-variant","疑似 www 变体站群","主机名含 www 形近变体标签「wvvw」，是仿冒站群的典型形态"
"wvvw.zndaily.com","河北之音","www-variant","疑似 www 变体站群","主机名含 www 形近变体标签「wvvw」，是仿冒站群的典型形态"
"ww.xysww.com","襄阳商务网 / 襄阳商务网（AI包收录）","www-variant","疑似 www 变体站群","主机名含 www 形近变体标签「ww」，是仿冒站群的典型形态"
"wwvw.kjdv.cn","医疗网","www-variant","疑似 www 变体站群","主机名含 www 形近变体标签「wwvw」，是仿冒站群的典型形态"
"www.wvvw.bfdaily.cn","四川报讯网","www-variant","疑似 www 变体站群","主机名含 www 形近变体标签「wvvw」，是仿冒站群的典型形态"
"www.wvvw.bj126.cn","北京企业网","www-variant","疑似 www 变体站群","主机名含 www 形近变体标签「wvvw」，是仿冒站群的典型形态"
"www.wvvw.bjche.com.cn","宝鸡汽车网 / 宝鸡汽车网","www-variant","疑似 www 变体站群","主机名含 www 形近变体标签「wvvw」，是仿冒站群的典型形态"
"www.wvvw.gaoduan.gdche.com.cn","高端汽车网","www-variant","疑似 www 变体站群","主机名含 www 形近变体标签「wvvw」，是仿冒站群的典型形态"
"www.wvvw.hddaily.cn","天津企讯网","www-variant","疑似 www 变体站群","主机名含 www 形近变体标签「wvvw」，是仿冒站群的典型形态"
"www.wvvw.hddushi.com","海淀都市 / 海淀都市","www-variant","疑似 www 变体站群","主机名含 www 形近变体标签「wvvw」，是仿冒站群的典型形态"
"www.wvvw.js404.cn","广东之音","www-variant","疑似 www 变体站群","主机名含 www 形近变体标签「wvvw」，是仿冒站群的典型形态"
"www.wvvw.jsdushiw.com","金山都市","www-variant","疑似 www 变体站群","主机名含 www 形近变体标签「wvvw」，是仿冒站群的典型形态"
"www.wvvw.jsqiche.cn","津市汽车网 / 津市汽车网","www-variant","疑似 www 变体站群","主机名含 www 形近变体标签「wvvw」，是仿冒站群的典型形态"
"www.wvvw.kjdaily.com.cn","河南热线","www-variant","疑似 www 变体站群","主机名含 www 形近变体标签「wvvw」，是仿冒站群的典型形态"
"www.wvvw.mocma.cn","河北热线","www-variant","疑似 www 变体站群","主机名含 www 形近变体标签「wvvw」，是仿冒站群的典型形态"
"www.wvvw.nfche.cn","南丰汽车网","www-variant","疑似 www 变体站群","主机名含 www 形近变体标签「wvvw」，是仿冒站群的典型形态"
"www.wvvw.nfvnet.com","南方热线","www-variant","疑似 www 变体站群","主机名含 www 形近变体标签「wvvw」，是仿冒站群的典型形态"
"www.wvvw.shqiche.com.cn","点评汽车网","www-variant","疑似 www 变体站群","主机名含 www 形近变体标签「wvvw」，是仿冒站群的典型形态"
"www.wvvw.sxcity.cn","山西城市频道","www-variant","疑似 www 变体站群","主机名含 www 形近变体标签「wvvw」，是仿冒站群的典型形态"
"www.wvvw.tjqiche.cn","推荐汽车网","www-variant","疑似 www 变体站群","主机名含 www 形近变体标签「wvvw」，是仿冒站群的典型形态"
"www.wvvw.tjrxw.com","天津之窗","www-variant","疑似 www 变体站群","主机名含 www 形近变体标签「wvvw」，是仿冒站群的典型形态"
"www.wvvw.zjqiche.cn","珠江汽车网","www-variant","疑似 www 变体站群","主机名含 www 形近变体标签「wvvw」，是仿冒站群的典型形态"
"wwww.xinbcar.com","广西汽车网","www-variant","疑似 www 变体站群","主机名含 www 形近变体标签「wwww」，是仿冒站群的典型形态"
"broadcast.hczyw.com","慧聪网广电","fake-brand","疑似仿冒已知品牌","主机域名与已认定的仿冒站群形态一致（仿国内行业门户域名）"
"cm.hczyw.com","慧聪网工程机械首页文字链","fake-brand","疑似仿冒已知品牌","主机域名与已认定的仿冒站群形态一致（仿国内行业门户域名）"
"dj.hczyw.com","慧聪网清洁","fake-brand","疑似仿冒已知品牌","主机域名与已认定的仿冒站群形态一致（仿国内行业门户域名）"
"ec.hczyw.com","慧聪网电子","fake-brand","疑似仿冒已知品牌","主机域名与已认定的仿冒站群形态一致（仿国内行业门户域名）"
"edu.hczyw.com","慧聪网教育","fake-brand","疑似仿冒已知品牌","主机域名与已认定的仿冒站群形态一致（仿国内行业门户域名）"
"ep.hczyw.com","慧聪网环保首页文字链","fake-brand","疑似仿冒已知品牌","主机域名与已认定的仿冒站群形态一致（仿国内行业门户域名）"
"haiwai.ibnewsw.com","美联社单发【区块链】 / 美联社单发【常规】 / 【加州先驱报】单发","fake-brand","疑似仿冒已知品牌","主机域名与已认定的仿冒发稿站群形态一致（借用境外通讯社或财经媒体名义）"
"hotel.hczyw.com","慧聪网酒店 / 慧聪网酒店首发","fake-brand","疑似仿冒已知品牌","主机域名与已认定的仿冒站群形态一致（仿国内行业门户域名）"
"info.finance.hczyw.com","慧聪网财经 / 慧聪网财经首页文字链 / 慧聪网产经首页焦点图","fake-brand","疑似仿冒已知品牌","主机域名与已认定的仿冒站群形态一致（仿国内行业门户域名）"
"info.homea.hczyw.com","慧聪网家电","fake-brand","疑似仿冒已知品牌","主机域名与已认定的仿冒站群形态一致（仿国内行业门户域名）"
"info.jj.hczyw.com","慧聪网家居首发","fake-brand","疑似仿冒已知品牌","主机域名与已认定的仿冒站群形态一致（仿国内行业门户域名）"
"it.hczyw.com","慧聪网IT首发","fake-brand","疑似仿冒已知品牌","主机域名与已认定的仿冒站群形态一致（仿国内行业门户域名）"
"m.lieyunpro.com","猎云网快讯（官方）","fake-brand","疑似仿冒已知品牌","主机域名与已认定的仿冒发稿站群形态一致（借用境外通讯社或财经媒体名义）"
"qipei.hczyw.com","慧聪网汽车首发 / 慧聪网汽车首页文字链","fake-brand","疑似仿冒已知品牌","主机域名与已认定的仿冒站群形态一致（仿国内行业门户域名）"
"wallstreet-daily.com","华尔街日报英文网 / 英文翻译 / 华尔街日报英文网(视频)","fake-brand","疑似仿冒已知品牌","主机域名与已认定的仿冒发稿站群形态一致（借用境外通讯社或财经媒体名义）"
"web.ebuypress.com","商业新闻网 / 【Disrupt杂志】单发 / The Seeker【 探求者】单发","fake-brand","疑似仿冒已知品牌","主机域名与已认定的仿冒发稿站群形态一致（借用境外通讯社或财经媒体名义）"
"www.01caijing.cc","第一财经网首页文字链 / 第一财经网首页焦点图","fake-brand","疑似仿冒已知品牌","主机域名与已认定的仿冒发稿站群形态一致（借用境外通讯社或财经媒体名义）"
"www.hccjw.com","慧聪网产经(慧聪网财经) / 慧聪网产经首发","fake-brand","疑似仿冒已知品牌","主机域名与已认定的仿冒站群形态一致（仿国内行业门户域名）"
"www.jj.hczyw.com","慧聪网家居","fake-brand","疑似仿冒已知品牌","主机域名与已认定的仿冒站群形态一致（仿国内行业门户域名）"
"www.jz.hczyw.com","慧聪网家装首页文字链","fake-brand","疑似仿冒已知品牌","主机域名与已认定的仿冒站群形态一致（仿国内行业门户域名）"
"www.lieyunpro.com","猎云网资讯首发 / 猎云网首发（长文）","fake-brand","疑似仿冒已知品牌","主机域名与已认定的仿冒发稿站群形态一致（借用境外通讯社或财经媒体名义）"
"www.meilanshe.com","美联社中文网健康 / 美联社中文网游戏 / 美联社中文网健康","fake-brand","疑似仿冒已知品牌","主机域名与已认定的仿冒发稿站群形态一致（借用境外通讯社或财经媒体名义）"
"www.qipei.hczyw.com","慧聪网汽车","fake-brand","疑似仿冒已知品牌","主机域名与已认定的仿冒站群形态一致（仿国内行业门户域名）"
"www.tele.hczyw.com","慧聪网通信首页文字链","fake-brand","疑似仿冒已知品牌","主机域名与已认定的仿冒站群形态一致（仿国内行业门户域名）"
"www.udhhm.com","美联社中文网时尚 / 美联社中文网新闻","fake-brand","疑似仿冒已知品牌","主机域名与已认定的仿冒发稿站群形态一致（借用境外通讯社或财经媒体名义）"
"en-gb.casalebonfala.com","BBC网络新闻","overseas-impersonation","疑似冒用境外媒体名义","名称挂境外媒体品牌，主机为无关私人域名"
"en-gb.maliglobe.com","福布斯联社","overseas-impersonation","疑似冒用境外媒体名义","名称挂境外媒体品牌，主机为无关私人域名"
"en-gb.radiojshow.com","纽约时报网","overseas-impersonation","疑似冒用境外媒体名义","名称挂境外媒体品牌，主机为无关私人域名"
"losangelestimesnet.com","洛杉矶时报英文网 / 洛杉矶时报英文网(视频)","overseas-impersonation","疑似冒用境外媒体名义","名称挂境外媒体品牌，主机为无关私人域名"
"qujiale.com","共同社中文版","overseas-impersonation","疑似冒用境外媒体名义","名称挂境外媒体品牌，主机为无关私人域名"
"shibao.naivebayes.com.cn","纽约时报中文网","overseas-impersonation","疑似冒用境外媒体名义","名称挂境外媒体品牌，主机为无关私人域名"
"www.gsavrw.com","纽约时报","overseas-impersonation","疑似冒用境外媒体名义","名称挂境外媒体品牌，主机为无关私人域名"
"www.lutounet.com","路透中文网","overseas-impersonation","疑似冒用境外媒体名义","名称挂境外媒体品牌，主机为无关私人域名"
"www.pks4.com","彭博新闻网","overseas-impersonation","疑似冒用境外媒体名义","名称挂境外媒体品牌，主机为无关私人域名"
"www.puerle.cn","彭博新闻社中文网","overseas-impersonation","疑似冒用境外媒体名义","名称挂境外媒体品牌，主机为无关私人域名"
"www.qujiale.com","共同社中文版科技","overseas-impersonation","疑似冒用境外媒体名义","名称挂境外媒体品牌，主机为无关私人域名"
"www.wallstreetnews.com.cn","华尔街日报（视频）","overseas-impersonation","疑似冒用境外媒体名义","名称挂境外媒体品牌，主机为无关私人域名"
"docs.qq.com","100家综合媒体特价打包发布 / 10站打包（正规稿件） / 200家超值媒体打包套餐","non-media","非发布位（在线文档）","售卖标的为腾讯文档链接而非媒体版面，链接内容可被随时修改或删除"
"kdocs.cn","Q1海外顶级套餐(可以发区块链&金融) / MY1 马来西亚基础 / SG1新加坡基础","non-media","非发布位（在线文档）","售卖标的为金山文档链接而非媒体版面，链接内容可被随时修改或删除"
"shimo.im","50家女性网站 / APNEWS美联社套餐发布【可发区块链稿件】 / 8家主流自媒体通发套餐","non-media","非发布位（在线文档）","售卖标的为石墨文档链接而非媒体版面，链接内容可被随时修改或删除"
"www.kdocs.cn","千城联播 / 新加坡媒体套餐 / 东南亚套餐标准版","non-media","非发布位（在线文档）","售卖标的为金山文档链接而非媒体版面，链接内容可被随时修改或删除"
"www.dxy.cn.cehad.store","丁香医生手机端","domain-graft","疑似域名嫁接","将他方官方域名 dxy.cn 整串拼入无关域名作子域"
"www.zxzhijia.com.cehad.store","装修之家（好物分享频道）","domain-graft","疑似域名嫁接","整域为疑似嫁接域 cehad.store：他方官方域名被拼为其子域"
